pair,Powell_64b_theta,Powell_64b_tx,Powell_64b_ty,Powell_128b_theta,Powell_128b_tx,Powell_128b_ty,Powell_256b_theta,Powell_256b_tx,Powell_256b_ty,Nelder-Mead_64b_theta,Nelder-Mead_64b_tx,Nelder-Mead_64b_ty,Nelder-Mead_128b_theta,Nelder-Mead_128b_tx,Nelder-Mead_128b_ty,Nelder-Mead_256b_theta,Nelder-Mead_256b_tx,Nelder-Mead_256b_ty,BFGS_64b_theta,BFGS_64b_tx,BFGS_64b_ty,BFGS_128b_theta,BFGS_128b_tx,BFGS_128b_ty,BFGS_256b_theta,BFGS_256b_tx,BFGS_256b_ty
c1,-0.058872,-4.493,14.1548,-0.057892,-4.1829,13.9249,-0.039954,-0.267,11.8206,0.00019,0.0,-0.0001,0.000178,0.0001,-0.0001,0.0,0.0,0.0,-0.032569,0.0001,0.0,-0.033588,-0.0047,0.0131,-0.036667,-0.0015,0.0049
c2,-0.08328,-14.3442,14.0964,-0.086936,-14.5838,15.5089,-0.086422,-14.3648,15.4384,-6.2e-05,0.0001,0.0001,-6.2e-05,0.0001,0.0001,6.2e-05,0.0001,0.0001,-0.004186,-0.0,-0.0,-0.012955,0.0,0.0,-0.013689,-0.0,0.0
c3,0.146674,37.7878,-7.6704,0.154515,38.1482,-8.4221,0.147362,37.9525,-7.3278,0.0,0.0,0.0,0.0,0.0,0.0,0.0,0.0,0.0,0.272001,-0.0019,-0.0057,0.066349,0.0011,0.0002,0.080138,0.0002,0.0001
c4,-0.002154,0.0,23.7294,-0.064979,-0.0648,1.0312,-0.067478,-0.7125,0.5279,0.0,0.0,0.0,0.0,0.0,0.0,0.0,0.0,0.0,0.0,0.0,0.0,-0.069144,0.0006,0.0007,-0.064608,0.0001,-0.0001
c5,-0.164033,-32.7505,-1.5096,-0.278994,-19.5097,0.2359,-0.174635,-36.3939,0.6316,0.000174,-0.0002,-0.0001,6.6e-05,-0.0,-0.0,5.7e-05,0.0001,-0.0,-0.243507,-15.3765,-7.2581,-0.219407,-0.0007,-0.0005,-0.215808,-0.006,0.001
c6,0.144403,-0.0672,-4.976,0.257531,66.3552,-44.569,0.201328,-0.3411,0.0849,-6.2e-05,0.0001,0.0001,-6.2e-05,0.0001,0.0001,0.0,0.0,0.0,0.143743,-0.0068,-0.0157,0.156057,-1.449,-4.5073,0.152782,0.0013,-0.0011
c7,-0.243741,-8.5484,1.4938,-0.25307,-10.5511,1.0151,-0.227658,-8.8342,-5.5447,0.000132,-0.0,-0.0,0.000132,-0.0,-0.0,0.0,0.0,0.0,-0.22118,-0.0024,-0.0023,-0.246801,-8.0859,-2.3019,-0.238307,-9.8983,-3.572
c8,-0.236184,11.3352,18.1221,-0.238138,9.3608,-0.0203,-0.270332,0.39,58.6829,0.000556,-0.0001,-0.0003,0.000132,0.0,-0.0001,0.0,0.0,0.0,-0.15479,0.0011,0.0009,-0.242445,0.0019,0.0032,0.166225,0.0017,0.0041
