pair,Powell_64b_theta,Powell_64b_tx,Powell_64b_ty,Powell_128b_theta,Powell_128b_tx,Powell_128b_ty,Powell_256b_theta,Powell_256b_tx,Powell_256b_ty,Nelder-Mead_64b_theta,Nelder-Mead_64b_tx,Nelder-Mead_64b_ty,Nelder-Mead_128b_theta,Nelder-Mead_128b_tx,Nelder-Mead_128b_ty,Nelder-Mead_256b_theta,Nelder-Mead_256b_tx,Nelder-Mead_256b_ty,BFGS_64b_theta,BFGS_64b_tx,BFGS_64b_ty,BFGS_128b_theta,BFGS_128b_tx,BFGS_128b_ty,BFGS_256b_theta,BFGS_256b_tx,BFGS_256b_ty
c1,-0.059335,-5.0555,13.8606,-0.060814,-5.2876,13.8959,-0.060246,-5.2836,13.8058,0.000174,0.0,-0.0001,6.2e-05,0.0001,0.0,6.2e-05,0.0001,0.0001,-0.035601,0.0033,0.0115,-0.030037,0.0056,0.0136,-0.028199,0.0059,0.0183
c2,-0.078586,-16.1168,10.9897,-0.082707,-17.4339,11.0604,-0.083612,-17.8091,10.8926,6.2e-05,0.0001,0.0001,6.2e-05,0.0001,0.0001,6.2e-05,0.0001,0.0001,-0.011619,-0.0,-0.0,-0.019985,-0.0154,0.0028,-0.01999,-0.0141,0.0008
c3,0.334201,-2.1095,-3.8435,0.157754,38.3928,-9.5389,0.157183,38.2642,-9.4268,0.0,0.0,0.0,0.0,0.0,0.0,0.0,0.0,0.0,0.283535,0.0004,0.0008,0.03004,0.0176,0.0078,0.044003,0.0033,0.0014
c4,0.001356,0.0177,0.9997,-0.080436,-2.8883,1.0035,-0.322483,-60.1942,4.395,-0.00025,0.0002,0.0002,0.000822,0.0001,-0.0005,0.0,0.0,0.0,0.0,0.0,0.0,-0.072402,-0.0001,0.0,-0.064778,0.0005,0.0012
c5,-0.241799,-52.7341,26.6728,-0.158847,-37.8581,0.9663,-0.244407,-52.9216,26.8325,0.000104,0.0001,-0.0001,6.2e-05,0.0001,0.0001,6.2e-05,0.0001,0.0001,-0.279242,-0.0033,0.0004,-0.357425,-0.002,-0.0006,-0.28459,0.0,0.0033
c6,0.114144,-9.1969,0.8401,0.171909,0.4637,-0.196,0.171373,-0.2195,0.1629,-6.2e-05,0.0001,0.0001,0.0,0.0,0.0,0.0,0.0,0.0,0.173464,0.002,-0.0075,0.169836,-0.007,-0.0033,0.169442,-0.0128,-0.0186
c7,-0.244568,-11.2501,1.6247,-0.332752,-25.0053,27.4854,-0.238118,-9.9473,1.3005,0.000149,0.0,-0.0001,0.000149,0.0001,-0.0001,0.0,0.0,0.0,-0.22592,-4.1803,-1.8259,-0.218149,0.0001,-0.0021,-0.220764,0.0054,-0.0158
c8,-0.164743,11.225,0.99,-0.223493,-1.8126,4.9532,-0.16735,8.9189,0.1974,0.000127,0.0002,-0.0001,-6.2e-05,0.0001,0.0001,-6.2e-05,0.0001,0.0001,-0.167215,0.0008,0.0011,-0.16875,0.0005,0.0005,-0.221869,0.0008,0.0011
