pair,Powell_256b_theta,Powell_256b_tx,Powell_256b_ty
c1,-0.068133,0.0699,-4.1652
c2,-0.080627,5.6395,8.9705
c3,0.089921,-10.4778,9.8378
c4,0.096227,-11.8283,11.1393
c5,-0.517411,7.674,0.3426
c6,0.459906,0.0006,0.0035
c7,0.382035,-0.7002,-0.0144
c8,-1.040908,-0.0012,12.424
