pair,Powell_64b_theta,Powell_64b_tx,Powell_64b_ty,Powell_128b_theta,Powell_128b_tx,Powell_128b_ty,Powell_256b_theta,Powell_256b_tx,Powell_256b_ty,Nelder-Mead_64b_theta,Nelder-Mead_64b_tx,Nelder-Mead_64b_ty,Nelder-Mead_128b_theta,Nelder-Mead_128b_tx,Nelder-Mead_128b_ty,Nelder-Mead_256b_theta,Nelder-Mead_256b_tx,Nelder-Mead_256b_ty,BFGS_64b_theta,BFGS_64b_tx,BFGS_64b_ty,BFGS_128b_theta,BFGS_128b_tx,BFGS_128b_ty,BFGS_256b_theta,BFGS_256b_tx,BFGS_256b_ty
c1,-0.059682,-4.9589,14.2935,-0.058317,-4.6269,14.1113,-0.060428,-4.9645,14.1818,0.000174,0.0,-0.0001,6.2e-05,0.0001,0.0001,6.2e-05,0.0001,0.0001,-0.043436,-2.3516,11.4735,-0.029406,2.2631,8.4889,-0.030754,0.0001,-0.0
c2,-0.079152,-15.856,11.2999,-0.076123,-15.7635,10.5522,-0.082665,-16.5574,11.3233,6.2e-05,0.0001,0.0001,-6.2e-05,0.0001,0.0001,-6.2e-05,0.0001,0.0001,-0.003184,-0.003,-0.001,-0.012103,-0.0,-0.0,-0.020786,-0.0116,0.0062
c3,0.156605,38.386,-8.9342,0.154033,38.1728,-8.5636,0.152452,38.0737,-8.3166,0.0,0.0,0.0,0.0,0.0,0.0,0.0,0.0,0.0,0.0,0.0,0.0,0.0,0.0,0.0,-0.003342,0.0,0.0
c4,0.001095,0.0025,24.777,-0.083839,0.198,23.9385,-0.063566,-0.0178,0.5566,0.0,0.0,0.0,0.0,0.0,0.0,0.0,0.0,0.0,0.0,0.0,0.0,0.0,0.0,0.0,0.000407,0.0,-0.0
c5,-0.167176,-35.7516,-0.0168,-0.29245,-20.7887,1.9798,-0.230168,-53.8579,18.0996,-0.000219,0.0001,0.0,6.6e-05,-0.0,-0.0,0.0,0.0,0.0,-0.117445,-24.611,-9.5729,-0.349513,-0.0032,-0.0026,-0.291347,-0.0001,0.0002
c6,0.255052,66.0343,-42.936,0.256442,66.0836,-44.037,0.177978,-2.8541,-0.2369,0.000372,-0.0,-0.0001,0.0,0.0,0.0,0.0,0.0,0.0,0.18032,0.0024,0.0004,0.073082,-0.0018,0.001,0.0,0.0,0.0
c7,-0.248983,-8.7051,1.9348,-0.249861,-9.002,0.7152,-0.248795,-10.3578,0.9746,0.0,0.0,0.0,0.000132,-0.0,-0.0,0.0,0.0,0.0,-0.216496,-0.0004,-0.0014,-0.249497,-0.0094,-0.0123,-0.218251,-4.5854,-2.8554
c8,-0.173204,6.6067,3.1652,-0.215383,3.6502,0.9358,-0.274982,-1.6857,3.4625,0.000371,-0.0001,-0.0003,6.2e-05,0.0001,0.0001,0.0,0.0,0.0,-0.209187,0.0001,0.0014,-0.323357,0.0007,0.0018,-0.301342,0.0006,0.0005
