pair,Powell_128b_theta,Powell_128b_tx,Powell_128b_ty
c1,1.125872,28.5694,-28.3057
c2,0.077149,15.7045,-5.8743
c3,0.006013,-14.812,-0.7441
c4,0.001679,0.0013,4.2306
c5,0.84625,1.1459,0.2569
c6,-0.272415,-24.7956,0.3694
c7,0.518959,-1.6281,-1.8296
c8,-0.141285,-4.1318,-0.3152
