pair,Powell_64b_theta,Powell_64b_tx,Powell_64b_ty,Powell_128b_theta,Powell_128b_tx,Powell_128b_ty,Powell_256b_theta,Powell_256b_tx,Powell_256b_ty,Nelder-Mead_64b_theta,Nelder-Mead_64b_tx,Nelder-Mead_64b_ty,Nelder-Mead_128b_theta,Nelder-Mead_128b_tx,Nelder-Mead_128b_ty,Nelder-Mead_256b_theta,Nelder-Mead_256b_tx,Nelder-Mead_256b_ty,BFGS_64b_theta,BFGS_64b_tx,BFGS_64b_ty,BFGS_128b_theta,BFGS_128b_tx,BFGS_128b_ty,BFGS_256b_theta,BFGS_256b_tx,BFGS_256b_ty
c1,-0.059682,-4.9589,14.2935,-0.058317,-4.6269,14.1113,-0.060428,-4.9645,14.1818,0.000174,0.0,-0.0001,6.2e-05,0.0001,0.0001,6.2e-05,0.0001,0.0001,-0.033932,-0.0104,0.0179,-0.039122,0.8755,9.9902,-0.026563,0.0025,0.009
c2,-0.079152,-15.856,11.2999,-0.076123,-15.7635,10.5522,-0.082665,-16.5574,11.3233,6.2e-05,0.0001,0.0001,-6.2e-05,0.0001,0.0001,-6.2e-05,0.0001,0.0001,-0.003555,-0.0,-0.0,-0.020685,-0.0489,0.0365,-0.014265,-0.0044,0.0031
c3,0.156605,38.386,-8.9342,0.154033,38.1728,-8.5636,0.152452,38.0737,-8.3166,0.0,0.0,0.0,0.0,0.0,0.0,0.0,0.0,0.0,0.31702,0.0,-0.0029,0.061602,0.0019,0.0009,0.060481,0.0049,0.0029
c4,0.001095,0.0025,24.777,-0.083839,0.198,23.9385,-0.063566,-0.0178,0.5566,0.0,0.0,0.0,0.0,0.0,0.0,0.0,0.0,0.0,0.0,0.0,0.0,-0.072372,-0.0,0.0004,-0.069357,-0.0142,0.0061
c5,-0.167176,-35.7516,-0.0168,-0.29245,-20.7887,1.9798,-0.230168,-53.8579,18.0996,-0.000219,0.0001,0.0,6.6e-05,-0.0,-0.0,0.0,0.0,0.0,-0.244987,-0.0028,-0.0015,-0.353362,-0.0236,-0.0158,-0.231026,-0.0017,0.0041
c6,0.255052,66.0343,-42.936,0.256442,66.0836,-44.037,0.177978,-2.8541,-0.2369,0.000372,-0.0,-0.0001,0.0,0.0,0.0,0.0,0.0,0.0,0.160018,0.0023,-0.0027,0.170506,-0.0065,-0.0066,0.170671,0.0005,0.0049
c7,-0.248983,-8.7051,1.9348,-0.249861,-9.002,0.7152,-0.248795,-10.3578,0.9746,0.0,0.0,0.0,0.000132,-0.0,-0.0,0.0,0.0,0.0,-0.250236,0.0001,-0.0019,-0.250198,-1.6028,-1.163,-0.21325,-0.0126,-0.0109
c8,-0.173204,6.6067,3.1652,-0.215383,3.6502,0.9358,-0.274982,-1.6857,3.4625,0.000371,-0.0001,-0.0003,6.2e-05,0.0001,0.0001,0.0,0.0,0.0,-0.343295,0.0029,0.0037,-0.217812,0.0016,0.0012,-0.437752,0.0032,0.0038
