pair,Powell_64b_theta,Powell_64b_tx,Powell_64b_ty
c1,0.947239,28.1759,-46.2655
c2,0.021856,2.0422,4.9538
c3,-0.092286,-23.5912,24.72
c4,0.003514,-0.4411,0.0273
c5,0.840488,-0.1588,1.7945
c6,-0.268459,-0.001,-1.0001
c7,0.845366,0.0115,5.8191
c8,-0.458742,-14.4839,-0.8897
