pair,Powell_64b_theta,Powell_64b_tx,Powell_64b_ty,Powell_128b_theta,Powell_128b_tx,Powell_128b_ty,Powell_256b_theta,Powell_256b_tx,Powell_256b_ty,Nelder-Mead_64b_theta,Nelder-Mead_64b_tx,Nelder-Mead_64b_ty,Nelder-Mead_128b_theta,Nelder-Mead_128b_tx,Nelder-Mead_128b_ty,Nelder-Mead_256b_theta,Nelder-Mead_256b_tx,Nelder-Mead_256b_ty,BFGS_64b_theta,BFGS_64b_tx,BFGS_64b_ty,BFGS_128b_theta,BFGS_128b_tx,BFGS_128b_ty,BFGS_256b_theta,BFGS_256b_tx,BFGS_256b_ty
c1,0.061583,3.3254,4.3262,0.061056,3.3672,4.1451,0.060921,3.3499,4.3038,0.000183,-0.0,0.0,0.000302,-0.0,-0.0001,-0.000167,0.0003,-0.0001,-0.000947,0.0031,0.0006,-0.000278,0.0,0.0,-0.000224,0.0,0.0
c2,0.08169,-5.5561,-1.7822,0.083595,-5.7388,-2.0257,0.083519,-5.2401,-1.6496,-0.000125,0.0001,0.0001,0.0,0.0,0.0,-0.000125,0.0001,0.0001,0.082537,-6.094,-2.3548,0.083493,-6.2362,-2.3315,0.08998,-0.0002,-0.0005
c3,-0.158059,12.7106,11.9104,-0.161143,12.4341,11.8753,-0.160333,12.3215,11.7229,0.0,0.0,0.0,0.0,0.0,0.0,0.000236,0.0001,-0.0001,-0.24159,-0.0022,0.0044,-0.239377,0.0291,0.0257,-0.235243,-0.0182,0.0035
c4,-2.7e-05,0.0264,0.1575,0.150689,-9.2788,10.8059,0.001688,0.8619,0.3672,-0.000441,0.0003,0.0003,-0.000125,0.0001,0.0001,0.000585,0.0,-0.0004,0.0,0.0,0.0,-0.000133,0.0,-0.0,0.0,0.0,0.0
c5,0.404588,-0.9782,1.1666,0.24244,-21.1314,-13.8927,0.395464,-1.0362,1.0267,-0.000347,0.0002,0.0,-0.000125,0.0001,0.0001,0.0,0.0,0.0,-0.000469,-0.0,-0.0,-0.007186,-0.0,-0.0,-0.00663,0.0001,-0.0001
c6,-0.261106,23.7764,-11.1611,-0.259896,23.3185,-10.9948,-0.258845,23.2154,-11.1229,0.0,0.0,0.0,0.0,0.0,0.0,0.0,0.0,0.0,-0.222227,0.0008,-0.0002,-0.221695,0.0006,-0.0016,-0.23889,0.0012,0.0034
c7,0.388556,6.2173,-33.6693,0.332209,15.798,-29.8452,0.333109,15.6882,-29.8985,0.000125,0.0,0.0,0.0,0.0,0.0,0.0,0.0,0.0,-0.024994,-0.0198,-0.0337,-0.014356,-0.0006,-0.0005,-0.028455,-7.6131,-10.123
c8,0.292789,33.4251,13.6362,0.296033,33.1819,13.3671,0.295865,33.1687,13.3015,-0.000125,0.0001,0.0001,0.0,0.0,0.0,0.000125,0.0,0.0,0.0,0.0,0.0,0.0,0.0,0.0,0.0,0.0,0.0
