pair,BFGS_128b_theta,BFGS_128b_tx,BFGS_128b_ty
c1,-0.197416,0.0032,0.0028
c2,-0.103345,-0.0001,0.0034
c3,-0.000615,-0.0,0.0
c4,0.0,0.0,0.0
c5,0.0,0.0,0.0
c6,0.0,0.0,0.0
c7,-0.35285,0.0,0.0029
c8,-1.005472,-0.0005,-0.0003
