pair,BFGS_128b_theta,BFGS_128b_tx,BFGS_128b_ty
c1,-3.120719,8.9868,1.1943
c2,-0.253197,-2.2612,-8.5801
c3,2.169374,9.7529,-0.8984
c4,0.082782,5.7656,6.5371
c5,-1.674725,-4.2576,-2.3023
c6,2.95013,8.2884,1.4351
c7,-2.93539,-9.819,0.6466
c8,-0.03814,2.9783,-8.5787
