pair,Powell_64b_theta,Powell_64b_tx,Powell_64b_ty,Powell_128b_theta,Powell_128b_tx,Powell_128b_ty,Powell_256b_theta,Powell_256b_tx,Powell_256b_ty,Nelder-Mead_64b_theta,Nelder-Mead_64b_tx,Nelder-Mead_64b_ty,Nelder-Mead_128b_theta,Nelder-Mead_128b_tx,Nelder-Mead_128b_ty,Nelder-Mead_256b_theta,Nelder-Mead_256b_tx,Nelder-Mead_256b_ty,BFGS_64b_theta,BFGS_64b_tx,BFGS_64b_ty,BFGS_128b_theta,BFGS_128b_tx,BFGS_128b_ty,BFGS_256b_theta,BFGS_256b_tx,BFGS_256b_ty
c1,-2.386488,-8.5932,10.7413,0.061414,3.3193,4.2818,-3.022013,4.8188,1.6344,-1.861113,5.612,-4.527,2.487145,6.5241,-5.5647,2.363154,7.2891,8.9232,-0.654172,2.2533,3.8204,0.509179,2.6987,8.8796,-2.683175,-2.6212,9.0638
c2,3.026289,-3.5759,2.9866,0.082214,-5.6231,-1.8525,0.083362,-5.4574,-1.4844,-2.953481,-7.1672,-10.3514,1.983144,2.6374,-6.1163,0.060475,-3.3435,-5.6617,2.346827,-3.5506,-3.9843,-2.623794,6.405,2.1667,-1.36231,-0.0378,3.8753
c3,-0.158526,12.7256,11.9503,-0.159653,12.7625,11.9152,-50.423257,12.6149,11.7454,2.852941,2.1924,21.6901,-0.309435,-11.7693,-5.7382,-1.764908,-5.6616,-8.6579,-0.306038,-9.1003,2.498,-1.805977,-3.0634,-0.0157,-2.829173,3.874,-6.224
c4,0.153064,-9.5212,10.8898,0.153839,-9.269,10.647,4.205165,-165.2368,19.2204,-3.157304,-6.7014,-2.4187,-2.466636,1.5536,-0.192,2.066908,-0.6497,4.6968,-1.56639,6.7987,-2.5543,-2.230275,-8.8254,6.9881,-2.197674,-6.8582,-9.4756
c5,3.682437,-5.8048,-6.6407,0.353067,-14.9636,-23.6643,6.643853,-3.1989,5.8121,1.89554,-2.6605,0.3877,-2.699704,-0.8798,-3.5392,-0.970743,3.8195,-7.8477,0.701875,-2.1313,4.2789,-0.399905,3.3775,-2.3936,-3.366532,-2.6666,10.4687
c6,3.771503,-0.8948,0.9089,-0.260657,23.3701,-10.9105,1.950577,-1.7628,11.9852,-0.216383,-1.5008,-0.2132,-2.82258,-7.5403,-6.8676,0.212389,-0.3819,-7.0583,-1.300268,-2.505,-4.2072,1.446478,-0.7129,1.8552,-0.196435,-9.6,-0.3006
c7,0.331833,15.3415,-29.7355,-0.040105,-1.1639,-58.783,-5.948104,15.9049,-30.0412,-2.393855,7.8261,-0.2631,2.020591,4.3002,-5.2867,1.017955,6.4857,-4.2947,-0.568167,-7.0007,6.9558,-1.381656,-0.7453,-1.6058,-1.018437,9.6637,-5.5915
c8,0.295407,33.1987,13.3145,3.713784,-13.0875,142.3332,0.296972,33.1022,13.4166,0.251459,10.2937,-8.5845,0.335076,16.9466,21.8351,0.306114,30.2928,14.4643,0.300954,7.2273,-5.2918,0.389093,-4.8236,8.9127,-1.971679,6.0152,1.2816
