pair,Powell_64b_theta,Powell_64b_tx,Powell_64b_ty,Powell_128b_theta,Powell_128b_tx,Powell_128b_ty,Powell_256b_theta,Powell_256b_tx,Powell_256b_ty,Nelder-Mead_64b_theta,Nelder-Mead_64b_tx,Nelder-Mead_64b_ty,Nelder-Mead_128b_theta,Nelder-Mead_128b_tx,Nelder-Mead_128b_ty,Nelder-Mead_256b_theta,Nelder-Mead_256b_tx,Nelder-Mead_256b_ty,BFGS_64b_theta,BFGS_64b_tx,BFGS_64b_ty,BFGS_128b_theta,BFGS_128b_tx,BFGS_128b_ty,BFGS_256b_theta,BFGS_256b_tx,BFGS_256b_ty
c1,0.060956,3.5606,4.7987,0.060787,3.5,4.928,0.060582,3.5297,5.0486,-0.000181,0.0001,0.0002,0.000243,-0.0,-0.0001,0.00015,-0.0001,-0.0002,-0.000198,0.0,0.0,0.0,0.0,0.0,0.0,0.0,0.0
c2,0.078817,-4.2146,0.0028,0.07848,-4.2087,-0.0113,0.080959,-3.7824,-0.0211,0.00025,0.0,0.0,0.000125,0.0001,0.0,0.0,0.0,0.0,0.080118,-0.0038,-0.0,-0.000127,-0.0,-0.0,0.082917,-4.2885,0.0083
c3,-0.158447,12.9526,12.369,-0.16173,12.6379,11.8708,-0.15986,12.5342,11.9375,0.0,0.0,0.0,0.0,0.0,0.0,0.0,0.0,0.0,-0.243451,0.0017,0.0031,-0.222893,10.5157,8.4933,-0.249558,0.0022,0.0021
c4,0.002758,0.1573,-0.0185,0.154928,-8.1517,10.7511,0.0,1.01,0.0,-0.000878,0.0005,0.0002,0.000375,0.0004,-0.0001,-0.000125,0.0001,0.0001,0.0,0.0,0.0,0.0,0.0,0.0,-0.001143,0.0,-0.0
c5,0.326936,-11.1639,-7.3687,0.403366,-0.7265,0.0742,-2.68904,-62.7978,2.0293,0.0,0.0,0.0,0.0,0.0,0.0,0.0,0.0,0.0,-0.344594,-0.0003,-0.0001,-0.31664,-0.0007,-0.0007,-0.32546,-0.0007,-0.0026
c6,-0.256632,22.9542,-9.9487,-0.255137,22.678,-10.6217,-0.256092,23.1593,-10.5565,0.0,0.0,0.0,0.0,0.0,0.0,0.0,0.0,0.0,-0.229302,3.4451,2.6594,-0.199894,10.4627,0.2785,-0.228939,0.0031,-0.0133
c7,0.333699,16.841,-29.8056,0.015142,1.8521,-58.7315,-0.118947,-8.6282,-41.9437,0.000141,0.0001,-0.0002,0.000325,-0.0001,-0.0001,0.000844,-0.0007,-0.0002,-0.239652,0.002,-0.0043,-0.032878,0.0003,-0.0002,-0.186659,0.0083,-0.0025
c8,0.298372,33.4982,14.0551,0.297454,32.8272,13.618,0.291453,33.1773,13.2384,0.000125,0.0,0.0,0.00016,0.0001,-0.0002,0.000125,0.0,0.0,-0.004269,0.0,0.0,-0.007458,0.0006,0.001,-0.025836,0.0,0.0
