pair,Powell_128b_theta,Powell_128b_tx,Powell_128b_ty
c1,1.499795,74.5235,-13.6867
c2,0.027871,3.5464,2.6639
c3,0.053157,-4.4191,-3.1327
c4,0.015082,-0.0171,-0.0162
c5,0.849287,0.4171,0.0003
c6,-0.247168,-21.6722,19.2516
c7,0.561832,-1.3683,-2.0503
c8,-0.209032,-0.035,3.6376
