pair,Powell_64b_theta,Powell_64b_tx,Powell_64b_ty,Powell_128b_theta,Powell_128b_tx,Powell_128b_ty,Powell_256b_theta,Powell_256b_tx,Powell_256b_ty,Nelder-Mead_64b_theta,Nelder-Mead_64b_tx,Nelder-Mead_64b_ty,Nelder-Mead_128b_theta,Nelder-Mead_128b_tx,Nelder-Mead_128b_ty,Nelder-Mead_256b_theta,Nelder-Mead_256b_tx,Nelder-Mead_256b_ty,BFGS_64b_theta,BFGS_64b_tx,BFGS_64b_ty,BFGS_128b_theta,BFGS_128b_tx,BFGS_128b_ty,BFGS_256b_theta,BFGS_256b_tx,BFGS_256b_ty
c1,-0.059977,-6.0584,12.5401,-0.060089,-6.3006,12.547,-0.055577,-5.469,12.295,0.00017,0.0001,-0.0002,6.2e-05,0.0001,0.0001,6.2e-05,0.0,0.0,-0.027688,0.0,0.0,-0.023022,0.0,0.0,-0.028159,0.0,0.0
c2,-0.082526,-16.6302,11.0289,-0.083122,-17.1927,10.7615,-0.085121,-17.2678,11.1982,-8.3e-05,0.0002,-0.0002,-6.2e-05,0.0001,0.0001,-6.2e-05,0.0001,0.0001,-0.002957,-0.0068,0.0022,-0.046995,-12.0091,0.4211,-0.011906,-0.0,-0.0
c3,0.183206,263.9841,-8.6819,0.159243,37.6885,-11.1395,0.15872,37.6407,-12.0305,0.0,0.0,0.0,0.0,0.0,0.0,0.0,0.0,0.0,0.0,0.0,0.0,0.0,0.0,0.0,-0.007386,0.0003,0.0001
c4,0.001717,0.0013,0.1799,-0.376893,-72.2832,11.8023,-0.063586,-0.9298,1.018,0.0,0.0,0.0,0.0,0.0,0.0,0.0,0.0,0.0,0.0,0.0,0.0,-0.075086,-0.0003,-0.0002,0.000743,0.0004,-0.0004
c5,-0.235445,-53.3533,21.7983,-0.234258,-53.1513,21.9508,-0.20585,-47.2335,15.1474,-0.000112,0.0002,0.0001,6.4e-05,0.0,0.0,6.2e-05,0.0001,0.0001,-0.276171,-0.0097,-0.0029,-0.272414,-0.0024,-0.002,-0.214667,-0.0024,-0.0014
c6,0.160584,1.9495,-0.2071,0.165741,1.3656,-0.3474,0.164822,1.1026,-0.4203,-6.2e-05,0.0001,0.0001,0.0,0.0,0.0,-6.2e-05,0.0001,0.0001,0.154542,-0.0013,-0.0005,0.164522,-0.0014,0.0007,0.162772,-0.0013,-0.0009
c7,-0.322338,-25.1074,22.3718,-0.323469,-25.5898,23.2501,-0.323612,-24.8411,23.3764,0.0,0.0,0.0,-6.2e-05,0.0001,0.0001,0.0,0.0,0.0,-0.233627,-7.428,-1.9834,-0.21715,-0.0077,-0.0102,-0.217568,-0.0001,-0.001
c8,-0.126812,0.3765,2.8745,-0.221346,0.3434,0.9906,-0.12283,0.4988,2.3147,0.000495,-0.0001,-0.0002,6.2e-05,0.0001,0.0001,9.4e-05,0.0002,-0.0002,-0.147331,0.0033,0.0059,-0.117156,0.0022,0.0021,-0.12041,0.0014,0.0012
