pair,Powell_128b_theta,Powell_128b_tx,Powell_128b_ty
c1,0.923513,26.1668,-44.3674
c2,0.019567,2.1422,5.4725
c3,-0.01213,-5.4898,7.0483
c4,0.013929,1.01,1.05
c5,0.717809,0.0009,0.9954
c6,-0.27047,-0.0256,-0.0002
c7,-0.274445,-3.479,1.9741
c8,-0.465831,-6.9171,-5.5438
