pair,Powell_256b_theta,Powell_256b_tx,Powell_256b_ty
c1,0.453071,3.0655,-0.0075
c2,0.078179,18.0601,-2.336
c3,-0.090479,-23.3715,24.0093
c4,0.008561,1.8563,3.5307
c5,0.713167,1.0,0.1024
c6,-0.291884,-3.6197,-0.0295
c7,0.368778,0.0185,0.618
c8,0.345874,5.409,-0.6162
