pair,Powell_64b_theta,Powell_64b_tx,Powell_64b_ty,Powell_128b_theta,Powell_128b_tx,Powell_128b_ty,Powell_256b_theta,Powell_256b_tx,Powell_256b_ty,Nelder-Mead_64b_theta,Nelder-Mead_64b_tx,Nelder-Mead_64b_ty,Nelder-Mead_128b_theta,Nelder-Mead_128b_tx,Nelder-Mead_128b_ty,Nelder-Mead_256b_theta,Nelder-Mead_256b_tx,Nelder-Mead_256b_ty,BFGS_64b_theta,BFGS_64b_tx,BFGS_64b_ty,BFGS_128b_theta,BFGS_128b_tx,BFGS_128b_ty,BFGS_256b_theta,BFGS_256b_tx,BFGS_256b_ty
c1,-0.058667,-4.6507,13.939,-0.058578,-4.7064,13.8225,-0.064794,-5.7239,14.6971,0.00018,0.0,-0.0001,0.000215,-0.0001,-0.0001,0.000174,0.0001,-0.0001,-0.019349,0.0,0.0,-0.061562,-6.1435,14.8683,-0.030711,-0.0,0.0018
c2,-0.07166,-14.7858,10.5948,-0.07982,-15.9205,12.1649,-0.075391,-15.3341,11.3525,6.2e-05,0.0001,0.0001,-6.2e-05,0.0001,0.0001,0.0,0.0,0.0,-0.012875,-0.0064,0.0001,-0.015956,-0.0004,-0.0001,-0.031047,-7.6441,-0.7949
c3,0.351788,-3.934,-56.7607,0.161496,38.5851,-10.2673,0.160884,38.8994,-9.8393,0.0,0.0,0.0,0.0,0.0,0.0,0.0,0.0,0.0,0.0,0.0,0.0,0.0,0.0,0.0,0.0,0.0,0.0
c4,-4.7e-05,0.0385,0.0,-0.063568,0.0026,-0.0082,-0.059244,-0.0002,0.6186,-0.000242,0.0002,0.0001,0.000298,-0.0001,-0.0,-6.2e-05,0.0001,0.0001,-0.000117,-0.0,-0.0,-0.064808,-0.0001,-0.0005,0.0,0.0,0.0
c5,-0.346277,-22.4796,6.0801,-0.17436,-39.9347,2.8834,-0.19229,-39.443,4.853,0.000116,0.0,-0.0001,0.0,0.0,0.0,0.0,0.0,0.0,-0.256194,-0.0089,-0.003,-0.302844,-0.0232,0.0008,-0.277196,-0.0453,-0.0691
c6,0.205242,20.2079,-14.4782,0.152026,1.4245,-0.5044,0.14979,1.4104,-0.1925,0.000236,0.0001,-0.0001,0.000236,0.0001,-0.0001,0.000212,0.0001,-0.0001,0.173049,-0.0025,-0.0033,0.155623,0.0006,-0.0014,0.157236,-0.0056,-0.0037
c7,-0.286837,-19.9193,10.7527,-0.26941,-13.5685,6.1782,-0.309194,-24.0333,15.4511,0.0,0.0,0.0,-0.003199,0.0007,0.001,-0.211367,0.1016,0.0335,-0.218407,-0.0068,0.0014,-0.238904,-0.0028,0.0016,-0.208114,-0.0102,-0.0016
c8,-0.238372,11.4352,18.7302,-0.206087,0.9281,1.2552,-0.297947,-4.6228,63.7906,0.000125,0.0,0.0,-6.2e-05,0.0001,0.0001,0.000125,0.0,0.0,0.001701,0.0001,0.0,0.0,0.0,0.0,0.277706,0.0008,0.0006
